{
    "type": "origins:multiple",
    "hidden": true,
    "loading_priority": 1,
        "fortune": {
            "type": "origins:action_over_time",
            "interval": 1,
            "rising_action": {
                "type": "origins:execute_command",
                "permission_level": 4,
                "command": "/tag @s add fortune"
            },
            "hidden": true,
            "condition": {
                "type": "origins:command",
                "inverted": true,
                "comparison": "==",
                "compare_to": 1,
                "permission_level": 4,
                "command": "/execute if entity @s[tag=fortune]"
            }
        },
        "fortune_remove": {
            "type": "origins:action_on_callback",
            "hidden": true,
            "execute_chosen_when_orb": true,
            "entity_action_removed": {
                "type": "origins:execute_command",
                "permission_level": 4,
                "command": "/tag @s remove fortune"
            },
            "loading_priority": 1
        }
}